date,PLTU Bangka (257 tags),PLTU Kendari (114 tags),PLTU Pulang Pisau (129 tags),PLTU Tidore (2150 tags)
2020-01-01,0.4093709468223087,,82.65773040482343,
2020-01-02,0.4093709468223087,,82.94573643410853,
2020-01-03,0.29317985300475574,,82.94573643410853,
2020-01-04,0.38910505836575876,,82.94573643410853,
2020-01-05,0.41072200605274534,,82.94573643410853,
2020-01-06,0.1432122784262862,,82.94573643410853,
2020-01-07,0.412073065283182,,82.94573643410853,
2020-01-08,0.4093709468223087,,82.94573643410853,
2020-01-09,0.2918287937743191,,82.94573643410853,
2020-01-10,0.38640293990488545,,82.94573643410853,
2020-01-11,0.4093709468223087,,82.94573643410853,
2020-01-12,0.14051015996541288,,82.94573643410853,
2020-01-13,0.4093709468223087,,82.94573643410853,
2020-01-14,0.29317985300475574,,82.94573643410853,
2020-01-15,0.38640293990488545,,82.94573643410853,
2020-01-16,0.4093709468223087,,82.94573643410853,
2020-01-17,0.14186121919584954,,82.94573643410853,
2020-01-18,0.4093709468223087,,82.94573643410853,
2020-01-19,0.4093709468223087,,82.94573643410853,
2020-01-20,0.29317985300475574,,82.94573643410853,
2020-01-21,0.38640293990488545,,82.94573643410853,
2020-01-22,0.41072200605274534,,82.94573643410853,
2020-01-23,0.14051015996541288,,82.94573643410853,
2020-01-24,0.4093709468223087,,82.94573643410853,
2020-01-25,0.4093709468223087,,82.94573643410853,
2020-01-26,0.2918287937743191,,82.94573643410853,
2020-01-27,0.38640293990488545,,82.94573643410853,
2020-01-28,0.29317985300475574,,82.94573643410853,
2020-01-29,0.2594033722438392,,82.94573643410853,
2020-01-30,0.4093709468223087,,82.94573643410853,
2020-01-31,0.2945309122351924,,82.94573643410853,
2020-02-01,0.38910505836575876,,82.94573643410853,
2020-02-02,0.4093709468223087,,82.94573643410853,
2020-02-03,0.14186121919584954,,82.94573643410853,
2020-02-04,0.41072200605274534,,82.94573643410853,
2020-02-05,0.41072200605274534,,82.94573643410853,
2020-02-06,0.29317985300475574,,82.94573643410853,
2020-02-07,0.3877539991353221,,82.94573643410853,
2020-02-08,0.412073065283182,,82.94573643410853,
2020-02-09,0.1432122784262862,,82.94573643410853,
2020-02-10,0.412073065283182,,82.94573643410853,
2020-02-11,0.2945309122351924,,82.94573643410853,
2020-02-12,0.3904561175961954,,82.94573643410853,
2020-02-13,0.41072200605274534,,82.94573643410853,
2020-02-14,0.1432122784262862,,82.94573643410853,
2020-02-15,0.412073065283182,,82.94573643410853,
2020-02-16,0.41072200605274534,,82.94573643410853,
2020-02-17,0.2945309122351924,,82.94573643410853,
2020-02-18,0.38910505836575876,,82.94573643410853,
2020-02-19,0.4093709468223087,,82.94573643410853,
2020-02-20,0.1432122784262862,,82.94573643410853,
2020-02-21,0.408019887591872,,82.94573643410853,
2020-02-22,0.41072200605274534,,82.94573643410853,
2020-02-23,0.2918287937743191,,82.94573643410853,
2020-02-24,0.3850518806744488,,82.94573643410853,
2020-02-25,0.29317985300475574,,82.94573643410853,
2020-02-26,0.26075443147427585,,82.94573643410853,
2020-02-27,0.4093709468223087,,82.94573643410853,
2020-02-28,0.29317985300475574,,82.94573643410853,
2020-02-29,0.38910505836575876,,82.94573643410853,
2020-03-01,0.4093709468223087,,82.94573643410853,
2020-03-02,0.13780804150453957,,82.94573643410853,
2020-03-03,0.3999135322092521,,82.94573643410853,
2020-03-04,0.3985624729788154,,82.94573643410853,
2020-03-05,0.27021184608733245,,82.94573643410853,
2020-03-06,0.32560527453523563,,82.94573643410853,
2020-03-07,0.3229031560743623,,82.94573643410853,
2020-03-08,0.10268050151318633,,82.94573643410853,
2020-03-09,0.3647859922178988,,82.94573643410853,
2020-03-10,0.2945309122351924,,82.94573643410853,
2020-03-11,0.41342412451361865,,82.94573643410853,
2020-03-12,0.3918071768266321,,82.94573643410853,
2020-03-13,0.14186121919584954,,82.94573643410853,
2020-03-14,0.41342412451361865,,82.94573643410853,
2020-03-15,0.41342412451361865,,82.94573643410853,
2020-03-16,0.29317985300475574,,82.94573643410853,
2020-03-17,0.3918071768266321,,82.94573643410853,
2020-03-18,0.41342412451361865,,82.94573643410853,
2020-03-19,0.14186121919584954,,82.94573643410853,
2020-03-20,0.41342412451361865,,82.94573643410853,
2020-03-21,0.29317985300475574,,82.94573643410853,
2020-03-22,0.412073065283182,,82.94573643410853,
2020-03-23,0.38910505836575876,,82.94573643410853,
2020-03-24,0.2945309122351924,,82.94573643410853,
2020-03-25,0.2621054907047125,,82.94573643410853,
2020-03-26,0.41342412451361865,,82.94573643410853,
2020-03-27,0.2945309122351924,,82.94573643410853,
2020-03-28,0.3918071768266321,,82.94573643410853,
2020-03-29,0.41477518374405536,,82.94573643410853,
2020-03-30,0.1432122784262862,,82.94573643410853,
2020-03-31,0.41342412451361865,,82.94573643410853,
2020-04-01,0.412073065283182,,82.94573643410853,
2020-04-02,0.29317985300475574,,82.94573643410853,
2020-04-03,0.3918071768266321,,82.94573643410853,
2020-04-04,0.29317985300475574,,82.94573643410853,
2020-04-05,0.2648076091655858,,82.94573643410853,
2020-04-06,0.41072200605274534,,82.94573643410853,
2020-04-07,0.29317985300475574,,82.94573643410853,
2020-04-08,0.41072200605274534,,82.94573643410853,
2020-04-09,0.3877539991353221,,82.94573643410853,
2020-04-10,0.1432122784262862,,82.94573643410853,
2020-04-11,0.41072200605274534,,82.94573643410853,
2020-04-12,0.412073065283182,,82.94573643410853,
2020-04-13,0.2945309122351924,,82.94573643410853,
2020-04-14,0.3904561175961954,,82.94573643410853,
2020-04-15,0.41477518374405536,,82.94573643410853,
2020-04-16,0.1432122784262862,,82.94573643410853,
2020-04-17,0.412073065283182,,82.94573643410853,
2020-04-18,0.2945309122351924,,82.94573643410853,
2020-04-19,0.41477518374405536,,82.94573643410853,
2020-04-20,0.3918071768266321,,82.94573643410853,
2020-04-21,0.29317985300475574,,82.94573643410853,
2020-04-22,0.2648076091655858,,82.94573643410853,
2020-04-23,0.41342412451361865,,82.94573643410853,
2020-04-24,0.29317985300475574,,82.94573643410853,
2020-04-25,0.3904561175961954,,82.94573643410853,
2020-04-26,0.41477518374405536,,82.94573643410853,
2020-04-27,0.1432122784262862,,82.94573643410853,
2020-04-28,0.41072200605274534,,82.94573643410853,
2020-04-29,0.41342412451361865,,82.94573643410853,
2020-04-30,0.2904777345438824,,82.94573643410853,
2020-05-01,0.3877539991353221,,81.38727390180878,
2020-05-02,0.2945309122351924,,81.3953488372093,
2020-05-03,0.26345654993514916,,81.3953488372093,
2020-05-04,0.412073065283182,,80.97545219638243,
2020-05-05,0.29317985300475574,,80.62015503875969,
2020-05-06,0.41342412451361865,,80.62015503875969,
2020-05-07,0.3918071768266321,,80.62015503875969,
2020-05-08,0.1432122784262862,,80.62015503875969,
2020-05-09,0.41072200605274534,,80.62015503875969,
2020-05-10,0.41342412451361865,,80.62015503875969,
2020-05-11,0.2945309122351924,,80.62015503875969,
2020-05-12,0.3918071768266321,,80.62015503875969,
2020-05-13,0.41342412451361865,,80.62015503875969,
2020-05-14,0.1432122784262862,,80.62015503875969,
2020-05-15,0.41342412451361865,,80.62015503875969,
2020-05-16,0.2945309122351924,,80.62015503875969,
2020-05-17,0.412073065283182,,80.62015503875969,
2020-05-18,0.3904561175961954,,80.62015503875969,
2020-05-19,0.29317985300475574,,80.62015503875969,
2020-05-20,0.2621054907047125,,80.62015503875969,
2020-05-21,0.41342412451361865,,80.62015503875969,
2020-05-22,0.29317985300475574,,80.62015503875969,
2020-05-23,0.412073065283182,,80.62015503875969,
2020-05-24,0.3918071768266321,,80.62015503875969,
2020-05-25,0.14186121919584954,,80.62015503875969,
2020-05-26,0.41342412451361865,,80.62015503875969,
2020-05-27,0.3701902291396455,,80.62015503875969,
2020-05-28,0.3377648076091656,,80.62015503875969,
2020-05-29,0.3918071768266321,,80.62015503875969,
2020-05-30,0.2945309122351924,,80.62015503875969,
2020-05-31,0.2621054907047125,,80.62015503875969,
2020-06-01,0.41342412451361865,,80.62015503875969,
2020-06-02,0.29317985300475574,,80.62015503875969,
2020-06-03,0.41477518374405536,,80.62015503875969,
2020-06-04,0.3918071768266321,,80.62015503875969,
2020-06-05,0.14186121919584954,,80.62015503875969,
2020-06-06,0.41342412451361865,,80.62015503875969,
2020-06-07,0.41477518374405536,,80.62015503875969,
2020-06-08,0.2945309122351924,,80.62015503875969,
2020-06-09,0.39315823605706873,,80.62015503875969,
2020-06-10,0.2945309122351924,,80.62015503875969,
2020-06-11,0.2621054907047125,,80.62015503875969,
2020-06-12,0.41477518374405536,,80.62015503875969,
2020-06-13,0.2945309122351924,,80.62015503875969,
2020-06-14,0.41477518374405536,,80.62015503875969,
2020-06-15,0.39315823605706873,,80.62015503875969,
2020-06-16,0.29317985300475574,,80.62015503875969,
2020-06-17,0.25805231301340253,,80.62015503875969,
2020-06-18,0.4093709468223087,,80.62015503875969,
2020-06-19,0.29317985300475574,,80.62015503875969,
2020-06-20,0.41072200605274534,,80.62015503875969,
2020-06-21,0.3877539991353221,,80.62015503875969,
2020-06-22,0.13915910073497623,,80.62015503875969,
2020-06-23,0.41072200605274534,,80.62015503875969,
2020-06-24,0.29317985300475574,,80.62015503875969,
2020-06-25,0.41072200605274534,,80.62015503875969,
2020-06-26,0.3904561175961954,,80.62015503875969,
2020-06-27,0.29317985300475574,,80.62015503875969,
2020-06-28,0.2594033722438392,,80.62015503875969,
2020-06-29,0.41072200605274534,,80.62015503875969,
2020-06-30,0.29317985300475574,,80.62015503875969,
2020-07-01,0.4093709468223087,,83.45176571920759,
2020-07-02,0.3877539991353221,,83.72093023255815,
2020-07-03,0.14051015996541288,,83.72093023255815,
2020-07-04,0.4093709468223087,,83.72093023255815,
2020-07-05,0.41072200605274534,,83.72093023255815,
2020-07-06,0.29317985300475574,,83.72093023255815,
2020-07-07,0.3877539991353221,,83.72093023255815,
2020-07-08,0.29317985300475574,,83.72093023255815,
2020-07-09,0.2567012537829658,,83.72093023255815,
2020-07-10,0.41072200605274534,,83.72093023255815,
2020-07-11,0.29317985300475574,,83.72093023255815,
2020-07-12,0.412073065283182,,83.72093023255815,
2020-07-13,0.38910505836575876,,83.72093023255815,
2020-07-14,0.2918287937743191,,83.72093023255815,
2020-07-15,0.2594033722438392,,83.72093023255815,
2020-07-16,0.41072200605274534,,83.72093023255815,
2020-07-17,0.2918287937743191,,83.72093023255815,
2020-07-18,0.412073065283182,,83.72093023255815,
2020-07-19,0.3904561175961954,,83.72093023255815,
2020-07-20,0.14186121919584954,,83.72093023255815,
2020-07-21,0.412073065283182,,83.72093023255815,
2020-07-22,0.29317985300475574,,83.72093023255815,
2020-07-23,0.41342412451361865,,83.72093023255815,
2020-07-24,0.3904561175961954,,83.72093023255815,
2020-07-25,0.29317985300475574,,83.72093023255815,
2020-07-26,0.26075443147427585,,83.72093023255815,
2020-07-27,0.412073065283182,,83.72093023255815,
2020-07-28,0.2945309122351924,,83.72093023255815,
2020-07-29,0.412073065283182,,83.72093023255815,
2020-07-30,0.3918071768266321,,83.72093023255815,
2020-07-31,0.14186121919584954,,83.72093023255815,
2020-08-01,0.41342412451361865,,83.72093023255815,
2020-08-02,0.37154128837008216,,83.72093023255815,
2020-08-03,0.33641374837872895,,83.72093023255815,
2020-08-04,0.4093709468223087,,83.72093023255815,
2020-08-05,0.27291396454820577,,83.72093023255815,
2020-08-06,0.25805231301340253,,83.72093023255815,
2020-08-07,0.4093709468223087,,83.72093023255815,
2020-08-08,0.29317985300475574,,83.72093023255815,
2020-08-09,0.41072200605274534,,83.72093023255815,
2020-08-10,0.38910505836575876,,83.72093023255815,
2020-08-11,0.2945309122351924,,83.72093023255815,
2020-08-12,0.2594033722438392,,83.72093023255815,
2020-08-13,0.41072200605274534,,83.72093023255815,
2020-08-14,0.2945309122351924,,83.72093023255815,
2020-08-15,0.4093709468223087,,83.72093023255815,
2020-08-16,0.34857328145265887,,83.72093023255815,
2020-08-17,0.1823929961089494,,83.72093023255815,
2020-08-18,0.41342412451361865,,83.72093023255815,
2020-08-19,0.2945309122351924,,83.72093023255815,
2020-08-20,0.41477518374405536,,83.72093023255815,
2020-08-21,0.3918071768266321,,83.72093023255815,
2020-08-22,0.2972330306960657,,83.72093023255815,
2020-08-23,0.2594033722438392,,83.72093023255815,
2020-08-24,0.41342412451361865,,83.72093023255815,
2020-08-25,0.2945309122351924,,83.72093023255815,
2020-08-26,0.41477518374405536,,83.72093023255815,
2020-08-27,0.39315823605706873,,83.72093023255815,
2020-08-28,0.14186121919584954,,83.72093023255815,
2020-08-29,0.41342412451361865,,83.72093023255815,
2020-08-30,0.29588197146562906,,83.72093023255815,
2020-08-31,0.41477518374405536,,83.72093023255815,
2020-09-01,0.41342412451361865,,82.94035314384152,
2020-09-02,0.27561608300907914,,82.94573643410853,
2020-09-03,0.2594033722438392,,82.94573643410853,
2020-09-04,0.41342412451361865,,82.94573643410853,
2020-09-05,0.2972330306960657,,82.94573643410853,
2020-09-06,0.41342412451361865,,82.94573643410853,
2020-09-07,0.3918071768266321,,82.94573643410853,
2020-09-08,0.2945309122351924,,82.94573643410853,
2020-09-09,0.26075443147427585,,82.94573643410853,
2020-09-10,0.41477518374405536,,82.94573643410853,
2020-09-11,0.29588197146562906,,82.94573643410853,
2020-09-12,0.41342412451361865,,82.94573643410853,
2020-09-13,0.2742650237786425,,82.94573643410853,
2020-09-14,0.25805231301340253,,82.94573643410853,
2020-09-15,0.41342412451361865,,82.94573643410853,
2020-09-16,0.29588197146562906,,82.27551679586563,
2020-09-17,0.3999135322092521,,82.17054263565892,
2020-09-18,0.37829658452226544,,82.17054263565892,
2020-09-19,0.28912667531344577,,82.17054263565892,
2020-09-20,0.2539991353220925,,82.17054263565892,
2020-09-21,0.40666882836143536,,82.17054263565892,
2020-09-22,0.2904777345438824,,82.17054263565892,
2020-09-23,0.412073065283182,,82.17054263565892,
2020-09-24,0.39315823605706873,,82.17054263565892,
2020-09-25,0.1432122784262862,,82.17054263565892,
2020-09-26,0.412073065283182,,82.17054263565892,
2020-09-27,0.29317985300475574,,82.17054263565892,
2020-09-28,0.4174773022049287,,82.17054263565892,
2020-09-29,0.41477518374405536,,82.17054263565892,
2020-09-30,0.27561608300907914,,82.17054263565892,
2020-10-01,0.26075443147427585,,82.17054263565892,
2020-10-02,0.41342412451361865,,82.17054263565892,
2020-10-03,0.29588197146562906,,82.17054263565892,
2020-10-04,0.41342412451361865,,82.17054263565892,
2020-10-05,0.3918071768266321,,82.17054263565892,
2020-10-06,0.29317985300475574,,82.17054263565892,
2020-10-07,0.2594033722438392,,82.17054263565892,
2020-10-08,0.41072200605274534,,82.17054263565892,
2020-10-09,0.29588197146562906,,82.17054263565892,
2020-10-10,0.41342412451361865,,82.17054263565892,
2020-10-11,0.2715629053177691,,82.17054263565892,
2020-10-12,0.26075443147427585,,82.17054263565892,
2020-10-13,0.41342412451361865,,82.17054263565892,
2020-10-14,0.2972330306960657,,82.17054263565892,
2020-10-15,0.4174773022049287,,82.17054263565892,
2020-10-16,0.4174773022049287,,82.17054263565892,
2020-10-17,0.27561608300907914,,82.17054263565892,
2020-10-18,0.26345654993514916,,82.17054263565892,
2020-10-19,0.41342412451361865,,82.17054263565892,
2020-10-20,0.2972330306960657,,82.17054263565892,
2020-10-21,0.416126242974492,,82.17054263565892,
2020-10-22,0.3526264591439689,,82.17054263565892,
2020-10-23,0.1864461738002594,,82.17054263565892,
2020-10-24,0.412073065283182,,82.17054263565892,
2020-10-25,0.2945309122351924,,82.17054263565892,
2020-10-26,0.41342412451361865,,82.17054263565892,
2020-10-27,0.41342412451361865,,82.17054263565892,
2020-10-28,0.2742650237786425,,82.17054263565892,
2020-10-29,0.25805231301340253,,82.17054263565892,
2020-10-30,0.41477518374405536,,82.17054263565892,
2020-10-31,0.2972330306960657,,82.17054263565892,
2020-11-01,0.41342412451361865,,82.17054263565892,
2020-11-02,0.38910505836575876,,82.17054263565892,
2020-11-03,0.2945309122351924,,82.17054263565892,
2020-11-04,0.26075443147427585,,82.17054263565892,
2020-11-05,0.3701902291396455,,82.17054263565892,
2020-11-06,0.33506268914829224,,82.17054263565892,
2020-11-07,0.412073065283182,,82.17054263565892,
2020-11-08,0.2742650237786425,,82.17054263565892,
2020-11-09,0.2567012537829658,,82.17054263565892,
2020-11-10,0.41342412451361865,,82.17054263565892,
2020-11-11,0.29588197146562906,,82.17054263565892,
2020-11-12,0.41342412451361865,,82.17054263565892,
2020-11-13,0.41477518374405536,,82.17054263565892,
2020-11-14,0.2742650237786425,,82.17054263565892,
2020-11-15,0.2567012537829658,,82.17054263565892,
2020-11-16,0.412073065283182,,82.17054263565892,
2020-11-17,0.2945309122351924,,82.17054263565892,
2020-11-18,0.41342412451361865,,82.17054263565892,
2020-11-19,0.27561608300907914,,82.17054263565892,
2020-11-20,0.26075443147427585,,82.17054263565892,
2020-11-21,0.412073065283182,,82.17054263565892,
2020-11-22,0.2972330306960657,,82.17054263565892,
2020-11-23,0.41477518374405536,,82.17054263565892,
2020-11-24,0.416126242974492,,82.17054263565892,
2020-11-25,0.2742650237786425,,82.17054263565892,
2020-11-26,0.26345654993514916,,82.17054263565892,
2020-11-27,0.412073065283182,,82.17054263565892,
2020-11-28,0.2972330306960657,,82.17054263565892,
2020-11-29,0.41342412451361865,,82.17054263565892,
2020-11-30,0.39315823605706873,,82.17054263565892,
2020-12-01,0.29588197146562906,,82.17054263565892,
2020-12-02,0.2594033722438392,,82.17054263565892,
2020-12-03,0.2972330306960657,,82.17054263565892,
2020-12-04,0.41072200605274534,,82.17054263565892,
2020-12-05,0.41072200605274534,,82.17054263565892,
2020-12-06,0.27021184608733245,,82.17054263565892,
2020-12-07,0.2621054907047125,,82.17054263565892,
2020-12-08,0.412073065283182,,82.17054263565892,
2020-12-09,0.29588197146562906,,82.17054263565892,
2020-12-10,0.41477518374405536,,82.17054263565892,
2020-12-11,0.41342412451361865,,82.17054263565892,
2020-12-12,0.27291396454820577,,82.17054263565892,
2020-12-13,0.2594033722438392,,82.17054263565892,
2020-12-14,0.416126242974492,,82.17054263565892,
2020-12-15,0.29588197146562906,,82.17054263565892,
2020-12-16,0.412073065283182,,82.17054263565892,
2020-12-17,0.2742650237786425,,82.17054263565892,
2020-12-18,0.2621054907047125,,82.17054263565892,
2020-12-19,0.412073065283182,,82.17054263565892,
2020-12-20,0.2972330306960657,,82.17054263565892,
2020-12-21,0.41477518374405536,,82.17054263565892,
2020-12-22,0.412073065283182,,82.17054263565892,
2020-12-23,0.2715629053177691,,82.17054263565892,
2020-12-24,0.2567012537829658,,82.17054263565892,
2020-12-25,0.41342412451361865,,82.17054263565892,
2020-12-26,0.2972330306960657,,82.17054263565892,
2020-12-27,0.412073065283182,,82.17054263565892,
2020-12-28,0.3701902291396455,,82.17054263565892,
2020-12-29,0.31344574146130566,,82.17054263565892,
2020-12-30,0.25805231301340253,,82.17054263565892,
2020-12-31,0.1756376999567661,,80.62015503875969,
2021-01-01,0.41477518374405536,,92.70025839793281,
2021-01-02,0.41477518374405536,,93.02325581395348,
2021-01-03,0.316147859922179,,93.02325581395348,
2021-01-04,0.2594033722438392,,93.02325581395348,
2021-01-05,0.41342412451361865,,93.02325581395348,
2021-01-06,0.3377648076091656,,93.02325581395348,
2021-01-07,0.41342412451361865,,93.02325581395348,
2021-01-08,0.41342412451361865,,93.02325581395348,
2021-01-09,0.3147968006917423,,93.02325581395348,
2021-01-10,0.26075443147427585,,93.02325581395348,
2021-01-11,0.41342412451361865,,93.02325581395348,
2021-01-12,0.29588197146562906,,93.02325581395348,
2021-01-13,0.416126242974492,,93.02325581395348,
2021-01-14,0.3918071768266321,,93.02325581395348,
2021-01-15,0.1837440553393861,,93.02325581395348,
2021-01-16,0.41342412451361865,,93.02325581395348,
2021-01-17,0.33641374837872895,,93.02325581395348,
2021-01-18,0.41342412451361865,,93.02325581395348,
2021-01-19,0.412073065283182,,93.02325581395348,
2021-01-20,0.31344574146130566,,93.02325581395348,
2021-01-21,0.2594033722438392,,93.02325581395348,
2021-01-22,0.412073065283182,,93.02325581395348,
2021-01-23,0.29317985300475574,,93.02325581395348,
2021-01-24,0.412073065283182,,93.02325581395348,
2021-01-25,0.41342412451361865,,93.02325581395348,
2021-01-26,0.31344574146130566,,93.02325581395348,
2021-01-27,0.26075443147427585,,93.02325581395348,
2021-01-28,0.412073065283182,,93.02325581395348,
2021-01-29,0.33641374837872895,,93.02325581395348,
2021-01-30,0.412073065283182,,93.02325581395348,
2021-01-31,0.38910505836575876,,93.02325581395348,
2021-02-01,0.1837440553393861,,93.02325581395348,
2021-02-02,0.412073065283182,,93.02325581395348,
2021-02-03,0.29317985300475574,,93.02325581395348,
2021-02-04,0.412073065283182,,93.02325581395348,
2021-02-05,0.412073065283182,,93.02325581395348,
2021-02-06,0.312094682230869,,93.02325581395348,
2021-02-07,0.26075443147427585,,93.02325581395348,
2021-02-08,0.412073065283182,,93.02325581395348,
2021-02-09,0.33641374837872895,,93.02325581395348,
2021-02-10,0.412073065283182,,93.02325581395348,
2021-02-11,0.38910505836575876,,93.02325581395348,
2021-02-12,0.1837440553393861,,93.02325581395348,
2021-02-13,0.41342412451361865,,93.02325581395348,
2021-02-14,0.37154128837008216,,93.02325581395348,
2021-02-15,0.33506268914829224,,93.02325581395348,
2021-02-16,0.412073065283182,,93.02325581395348,
2021-02-17,0.3877539991353221,,93.02325581395348,
2021-02-18,0.18104193687851275,,93.02325581395348,
2021-02-19,0.4093709468223087,,93.02325581395348,
2021-02-20,0.3323605706874189,,93.02325581395348,
2021-02-21,0.41072200605274534,,93.02325581395348,
2021-02-22,0.41072200605274534,,93.02325581395348,
2021-02-23,0.312094682230869,,93.02325581395348,
2021-02-24,0.2594033722438392,,93.02325581395348,
2021-02-25,0.412073065283182,,93.02325581395348,
2021-02-26,0.2918287937743191,,93.02325581395348,
2021-02-27,0.412073065283182,,93.02325581395348,
2021-02-28,0.38910505836575876,,93.02325581395348,
2021-03-01,0.1823929961089494,,93.02325581395348,
2021-03-02,0.41072200605274534,,93.02325581395348,
2021-03-03,0.41072200605274534,,93.02325581395348,
2021-03-04,0.3323605706874189,,93.02325581395348,
2021-03-05,0.41072200605274534,,93.02325581395348,
2021-03-06,0.3877539991353221,,93.02325581395348,
2021-03-07,0.18104193687851275,,93.02325581395348,
2021-03-08,0.40396670990056205,,93.02325581395348,
2021-03-09,0.26750972762645914,,93.02325581395348,
2021-03-10,0.3850518806744488,,93.02325581395348,
2021-03-11,0.3377648076091656,,93.02325581395348,
2021-03-12,0.11078685689580631,,93.02325581395348,
2021-03-13,0.2945309122351924,,93.02325581395348,
2021-03-14,0.2945309122351924,,93.02325581395348,
2021-03-15,0.24994595763078253,,93.02325581395348,
2021-03-16,0.29858408992650237,,93.02325581395348,
2021-03-17,0.2823713791612624,,93.02325581395348,
2021-03-18,0.13105274535235625,,93.02325581395348,
2021-03-19,0.3012862083873757,,93.02325581395348,
2021-03-20,0.2742650237786425,,93.02325581395348,
2021-03-21,0.26075443147427585,,93.02325581395348,
2021-03-22,0.31749891915261563,,93.02325581395348,
2021-03-23,0.3053393860786857,,93.02325581395348,
2021-03-24,0.1432122784262862,,93.02325581395348,
2021-03-25,0.3472222222222222,,93.02325581395348,
2021-03-26,0.2904777345438824,,93.02325581395348,
2021-03-27,0.36343493298746216,,93.02325581395348,
2021-03-28,0.3445201037613489,,93.02325581395348,
2021-03-29,0.16347816688283615,,93.02325581395348,
2021-03-30,0.37559446606139213,,93.02325581395348,
2021-03-31,0.3593817552961522,,93.02325581395348,
2021-04-01,0.32155209684392566,,93.02325581395348,
2021-04-02,0.40666882836143536,,93.02325581395348,
2021-04-03,0.38370082144401213,,93.02325581395348,
2021-04-04,0.17698875918720278,,93.02325581395348,
2021-04-05,0.416126242974492,,93.02325581395348,
2021-04-06,0.42153047989623865,,93.02325581395348,
2021-04-07,0.3445201037613489,,93.02325581395348,
2021-04-08,0.4228815391266753,,93.02325581395348,
2021-04-09,0.23913748378728925,,93.02325581395348,
2021-04-10,0.3445201037613489,,93.02325581395348,
2021-04-11,0.3796476437527021,,93.02325581395348,
2021-04-12,0.34587116299178555,,93.02325581395348,
2021-04-13,0.420179420665802,,93.02325581395348,
2021-04-14,0.3985624729788154,,93.02325581395348,
2021-04-15,0.18509511456982275,,93.02325581395348,
2021-04-16,0.4228815391266753,,93.02325581395348,
2021-04-17,0.4228815391266753,,93.02325581395348,
2021-04-18,0.3445201037613489,,93.02325581395348,
2021-04-19,0.42153047989623865,,93.02325581395348,
2021-04-20,0.3985624729788154,,93.02325581395348,
2021-04-21,0.18104193687851275,,93.02325581395348,
2021-04-22,0.41882836143536534,,93.02325581395348,
2021-04-23,0.37829658452226544,,93.02325581395348,
2021-04-24,0.3418179853004756,,93.02325581395348,
2021-04-25,0.39586035451794205,,93.02325581395348,
2021-04-26,0.1837440553393861,,93.02325581395348,
2021-04-27,0.420179420665802,,93.02325581395348,
2021-04-28,0.42153047989623865,,93.02325581395348,
2021-04-29,0.3445201037613489,,93.02325581395348,
2021-04-30,0.4228815391266753,,93.02325581395348,
2021-05-01,0.3985624729788154,,93.00979758828596,
2021-05-02,0.1823929961089494,,93.02325581395348,
2021-05-03,0.42153047989623865,,93.02325581395348,
2021-05-04,0.37829658452226544,,93.02325581395348,
2021-05-05,0.3418179853004756,,93.02325581395348,
2021-05-06,0.4174773022049287,,93.02325581395348,
2021-05-07,0.2364353653264159,,93.02325581395348,
2021-05-08,0.34316904453091224,,93.02325581395348,
2021-05-09,0.420179420665802,,93.02325581395348,
2021-05-10,0.41882836143536534,,93.02325581395348,
2021-05-11,0.3418179853004756,,93.02325581395348,
2021-05-12,0.3945092952875054,,93.02325581395348,
2021-05-13,0.18104193687851275,,93.02325581395348,
2021-05-14,0.41882836143536534,,93.02325581395348,
2021-05-15,0.37829658452226544,,93.02325581395348,
2021-05-16,0.3404669260700389,,93.02325581395348,
2021-05-17,0.41882836143536534,,93.02325581395348,
2021-05-18,0.3904561175961954,,93.02325581395348,
2021-05-19,0.1823929961089494,,93.02325581395348,
2021-05-20,0.4174773022049287,,93.02325581395348,
2021-05-21,0.41882836143536534,,93.02325581395348,
2021-05-22,0.3404669260700389,,93.02325581395348,
2021-05-23,0.4174773022049287,,93.02325581395348,
2021-05-24,0.2404885430177259,,93.02325581395348,
2021-05-25,0.34316904453091224,,93.02325581395348,
2021-05-26,0.37829658452226544,,93.02325581395348,
2021-05-27,0.42153047989623865,,93.02325581395348,
2021-05-28,0.34316904453091224,,93.02325581395348,
2021-05-29,0.3945092952875054,,93.02325581395348,
2021-05-30,0.18509511456982275,,93.02325581395348,
2021-05-31,0.420179420665802,,93.02325581395348,
2021-06-01,0.420179420665802,,93.02325581395348,
2021-06-02,0.3418179853004756,,93.02325581395348,
2021-06-03,0.4228815391266753,,93.02325581395348,
2021-06-04,0.23913748378728925,,93.02325581395348,
2021-06-05,0.34316904453091224,,93.02325581395348,
2021-06-06,0.3796476437527021,,93.02325581395348,
2021-06-07,0.41882836143536534,,93.02325581395348,
2021-06-08,0.3418179853004756,,93.02325581395348,
2021-06-09,0.3945092952875054,,93.02325581395348,
2021-06-10,0.26075443147427585,,93.02325581395348,
2021-06-11,0.3418179853004756,,93.02325581395348,
2021-06-12,0.41882836143536534,,93.02325581395348,
2021-06-13,0.4174773022049287,,93.02325581395348,
2021-06-14,0.3404669260700389,,93.02325581395348,
2021-06-15,0.39315823605706873,,93.02325581395348,
2021-06-16,0.1796908776480761,,93.02325581395348,
2021-06-17,0.4174773022049287,,93.02325581395348,
2021-06-18,0.3769455252918288,,93.02325581395348,
2021-06-19,0.3418179853004756,,93.02325581395348,
2021-06-20,0.416126242974492,,93.02325581395348,
2021-06-21,0.2337332468655426,,93.02325581395348,
2021-06-22,0.3404669260700389,,93.02325581395348,
2021-06-23,0.41882836143536534,,93.02325581395348,
2021-06-24,0.420179420665802,,93.02325581395348,
2021-06-25,0.3418179853004756,,93.02325581395348,
2021-06-26,0.39586035451794205,,93.02325581395348,
2021-06-27,0.25805231301340253,,93.02325581395348,
2021-06-28,0.3418179853004756,,93.02325581395348,
2021-06-29,0.37559446606139213,,93.02325581395348,
2021-06-30,0.4174773022049287,,93.02325581395348,
2021-07-01,0.3418179853004756,,81.90676141257536,
2021-07-02,0.2364353653264159,,82.17054263565892,
2021-07-03,0.3418179853004756,,82.17054263565892,
2021-07-04,0.41882836143536534,,82.17054263565892,
2021-07-05,0.41477518374405536,,82.17054263565892,
2021-07-06,0.33911586683960226,,82.17054263565892,
2021-07-07,0.39315823605706873,,82.17054263565892,
2021-07-08,0.25805231301340253,,82.17054263565892,
2021-07-09,0.33911586683960226,,82.17054263565892,
2021-07-10,0.3769455252918288,,82.17054263565892,
2021-07-11,0.416126242974492,,82.17054263565892,
2021-07-12,0.3418179853004756,,82.17054263565892,
2021-07-13,0.39315823605706873,,82.17054263565892,
2021-07-14,0.25535019455252916,,82.17054263565892,
2021-07-15,0.3377648076091656,,82.17054263565892,
2021-07-16,0.412073065283182,,82.17054263565892,
2021-07-17,0.412073065283182,,82.17054263565892,
2021-07-18,0.3377648076091656,,82.17054263565892,
2021-07-19,0.2337332468655426,,82.17054263565892,
2021-07-20,0.3377648076091656,,82.17054263565892,
2021-07-21,0.3769455252918288,,82.17054263565892,
2021-07-22,0.416126242974492,,82.17054263565892,
2021-07-23,0.3418179853004756,,82.17054263565892,
2021-07-24,0.3945092952875054,,82.17054263565892,
2021-07-25,0.2594033722438392,,82.17054263565892,
2021-07-26,0.3418179853004756,,82.17054263565892,
2021-07-27,0.41882836143536534,,82.17054263565892,
2021-07-28,0.41882836143536534,,82.17054263565892,
2021-07-29,0.3418179853004756,,82.17054263565892,
2021-07-30,0.23238218763510593,,82.17054263565892,
2021-07-31,0.416126242974492,,82.17054263565892,
2021-08-01,0.33911586683960226,,82.17054263565892,
2021-08-02,0.37829658452226544,,82.17054263565892,
2021-08-03,0.3418179853004756,,82.17054263565892,
2021-08-04,0.41882836143536534,,82.17054263565892,
2021-08-05,0.23508430609597925,,82.17054263565892,
2021-08-06,0.3418179853004756,,82.17054263565892,
2021-08-07,0.41882836143536534,,82.17054263565892,
2021-08-08,0.4174773022049287,,82.17054263565892,
2021-08-09,0.3404669260700389,,82.17054263565892,
2021-08-10,0.3945092952875054,,82.17054263565892,
2021-08-11,0.25805231301340253,,82.17054263565892,
2021-08-12,0.33911586683960226,,82.17054263565892,
2021-08-13,0.3769455252918288,,82.17054263565892,
2021-08-14,0.41477518374405536,,82.17054263565892,
2021-08-15,0.33911586683960226,,82.17054263565892,
2021-08-16,0.23238218763510593,,82.17054263565892,
2021-08-17,0.4174773022049287,,82.17054263565892,
2021-08-18,0.3418179853004756,,82.17054263565892,
2021-08-19,0.4174773022049287,,82.17054263565892,
2021-08-20,0.3404669260700389,,82.17054263565892,
2021-08-21,0.39586035451794205,,82.17054263565892,
2021-08-22,0.25805231301340253,,82.17054263565892,
2021-08-23,0.3377648076091656,,82.17054263565892,
2021-08-24,0.37559446606139213,,82.17054263565892,
2021-08-25,0.416126242974492,,82.17054263565892,
2021-08-26,0.3377648076091656,,82.17054263565892,
2021-08-27,0.2296800691742326,,82.17054263565892,
2021-08-28,0.41477518374405536,,82.17054263565892,
2021-08-29,0.3377648076091656,,82.17054263565892,
2021-08-30,0.41477518374405536,,82.17054263565892,
2021-08-31,0.412073065283182,,82.17054263565892,
2021-09-01,0.33911586683960226,,82.15708440999138,
2021-09-02,0.23103112840466927,,82.17054263565892,
2021-09-03,0.416126242974492,,82.17054263565892,
2021-09-04,0.29858408992650237,,82.17054263565892,
2021-09-05,0.416126242974492,,82.17054263565892,
2021-09-06,0.3404669260700389,,82.17054263565892,
2021-09-07,0.3945092952875054,,82.17054263565892,
2021-09-08,0.25805231301340253,,82.17054263565892,
2021-09-09,0.33911586683960226,,82.17054263565892,
2021-09-10,0.4174773022049287,,82.17054263565892,
2021-09-11,0.416126242974492,,82.17054263565892,
2021-09-12,0.3404669260700389,,82.17054263565892,
2021-09-13,0.23508430609597925,,82.17054263565892,
2021-09-14,0.4174773022049287,,82.17054263565892,
2021-09-15,0.3012862083873757,,82.17054263565892,
2021-09-16,0.416126242974492,,82.17054263565892,
2021-09-17,0.416126242974492,,82.17054263565892,
2021-09-18,0.316147859922179,,82.17054263565892,
2021-09-19,0.25805231301340253,,82.17054263565892,
2021-09-20,0.4174773022049287,,82.17054263565892,
2021-09-21,0.3418179853004756,,82.17054263565892,
2021-09-22,0.416126242974492,,82.17054263565892,
2021-09-23,0.3404669260700389,,82.17054263565892,
2021-09-24,0.2364353653264159,,82.17054263565892,
2021-09-25,0.416126242974492,,82.17054263565892,
2021-09-26,0.3404669260700389,,82.17054263565892,
2021-09-27,0.37829658452226544,,82.17054263565892,
2021-09-28,0.416126242974492,,82.06287683031869,
2021-09-29,0.3404669260700389,,81.3953488372093,
2021-09-30,0.2364353653264159,,81.3953488372093,
2021-10-01,0.4174773022049287,,81.3953488372093,
2021-10-02,0.33911586683960226,,81.3953488372093,
2021-10-03,0.416126242974492,,81.3953488372093,
2021-10-04,0.416126242974492,,81.3953488372093,
2021-10-05,0.316147859922179,,81.3953488372093,
2021-10-06,0.2594033722438392,,81.3953488372093,
2021-10-07,0.416126242974492,,81.3953488372093,
2021-10-08,0.29858408992650237,,81.3953488372093,
2021-10-09,0.416126242974492,,81.3953488372093,
2021-10-10,0.33911586683960226,,81.3953488372093,
2021-10-11,0.2364353653264159,,81.3953488372093,
2021-10-12,0.416126242974492,,81.3953488372093,
2021-10-13,0.33911586683960226,,81.3953488372093,
2021-10-14,0.416126242974492,,81.3953488372093,
2021-10-15,0.416126242974492,,81.3953488372093,
2021-10-16,0.33911586683960226,,81.3953488372093,
2021-10-17,0.23508430609597925,,81.3953488372093,
2021-10-18,0.416126242974492,,81.3953488372093,
2021-10-19,0.29858408992650237,,81.3953488372093,
2021-10-20,0.416126242974492,,81.3953488372093,
2021-10-21,0.416126242974492,,81.3953488372093,
2021-10-22,0.15942498919152615,,81.3953488372093,
2021-10-23,0.416126242974492,,81.3953488372093,
2021-10-24,0.416126242974492,,81.3953488372093,
2021-10-25,0.33911586683960226,,81.3953488372093,
2021-10-26,0.416126242974492,,81.3953488372093,
2021-10-27,0.3418179853004756,,81.3953488372093,
2021-10-28,0.2364353653264159,,81.3953488372093,
2021-10-29,0.4174773022049287,,81.3953488372093,
2021-10-30,0.3012862083873757,,81.3953488372093,
2021-10-31,0.41882836143536534,,81.3953488372093,
2021-11-01,0.4174773022049287,,81.3953488372093,
2021-11-02,0.3188499783830523,,81.3953488372093,
2021-11-03,0.2594033722438392,,81.3953488372093,
2021-11-04,0.4174773022049287,,81.3953488372093,
2021-11-05,0.3404669260700389,,81.3953488372093,
2021-11-06,0.4174773022049287,,81.3953488372093,
2021-11-07,0.4174773022049287,,81.3953488372093,
2021-11-08,0.15942498919152615,,81.3953488372093,
2021-11-09,0.41477518374405536,,81.3953488372093,
2021-11-10,0.3012862083873757,,81.3953488372093,
2021-11-11,0.3377648076091656,,81.3953488372093,
2021-11-12,0.33911586683960226,,81.3953488372093,
2021-11-13,0.26075443147427585,,81.3953488372093,
2021-11-14,0.15672287073065283,,81.3953488372093,
2021-11-15,0.33911586683960226,,81.3953488372093,
2021-11-16,0.26075443147427585,,81.3953488372093,
2021-11-17,0.33911586683960226,,81.3953488372093,
2021-11-18,0.33911586683960226,,81.3953488372093,
2021-11-19,0.07836143536532642,,81.3953488372093,
2021-11-20,0.33911586683960226,,81.3953488372093,
2021-11-21,0.33911586683960226,,81.3953488372093,
2021-11-22,0.26075443147427585,,81.3953488372093,
2021-11-23,0.33911586683960226,,81.3953488372093,
2021-11-24,0.33911586683960226,,81.3953488372093,
2021-11-25,0.07836143536532642,,81.3953488372093,
2021-11-26,0.33911586683960226,,81.3953488372093,
2021-11-27,0.26075443147427585,,81.3953488372093,
2021-11-28,0.33911586683960226,,81.3953488372093,
2021-11-29,0.33911586683960226,,81.3953488372093,
2021-11-30,0.23778642455685256,,81.3953488372093,
2021-12-01,0.1796908776480761,,81.3953488372093,
2021-12-02,0.33911586683960226,,81.3953488372093,
2021-12-03,0.26075443147427585,,81.3953488372093,
2021-12-04,0.33911586683960226,,81.3953488372093,
2021-12-05,0.33911586683960226,,81.3953488372093,
2021-12-06,0.07836143536532642,,81.3953488372093,
2021-12-07,0.33911586683960226,,81.3953488372093,
2021-12-08,0.33911586683960226,,81.3953488372093,
2021-12-09,0.26075443147427585,,81.3953488372093,
2021-12-10,0.33911586683960226,,81.3953488372093,
2021-12-11,0.33911586683960226,,81.3953488372093,
2021-12-12,0.07836143536532642,,81.3953488372093,
2021-12-13,0.33911586683960226,,81.3953488372093,
2021-12-14,0.26075443147427585,,81.3953488372093,
2021-12-15,0.33911586683960226,,81.3953488372093,
2021-12-16,0.33911586683960226,,81.3953488372093,
2021-12-17,0.07836143536532642,,81.3953488372093,
2021-12-18,0.33911586683960226,,81.3953488372093,
2021-12-19,0.33911586683960226,,81.3953488372093,
2021-12-20,0.26075443147427585,,81.3953488372093,
2021-12-21,0.33911586683960226,,81.3953488372093,
2021-12-22,0.33911586683960226,,81.3953488372093,
2021-12-23,0.07836143536532642,,81.3953488372093,
2021-12-24,0.33911586683960226,,81.3953488372093,
2021-12-25,0.33911586683960226,,81.3953488372093,
2021-12-26,0.26075443147427585,,81.3953488372093,
2021-12-27,0.33911586683960226,,81.3953488372093,
2021-12-28,0.33911586683960226,,81.3953488372093,
2021-12-29,0.07836143536532642,,81.3953488372093,
2021-12-30,0.33911586683960226,,81.3953488372093,
2017-09-11,,1.3157894736842106,,
2017-09-12,,0.7401315789473685,,
2019-01-02,,,14.92786391042205,
2019-01-03,,,36.434108527131784,
2019-01-04,,,36.434108527131784,
2019-01-05,,,36.434108527131784,
2019-01-06,,,36.434108527131784,
2019-01-07,,,36.434108527131784,
2019-01-08,,,36.434108527131784,
2019-01-09,,,36.434108527131784,
2019-01-10,,,36.434108527131784,
2019-01-11,,,36.434108527131784,
2019-01-12,,,36.434108527131784,
2019-01-13,,,36.434108527131784,
2019-01-14,,,36.434108527131784,
2019-01-15,,,36.434108527131784,
2019-01-16,,,36.434108527131784,
2019-01-17,,,36.434108527131784,
2019-01-18,,,36.434108527131784,
2019-01-19,,,36.434108527131784,
2019-01-20,,,36.434108527131784,
2019-01-21,,,36.434108527131784,
2019-01-22,,,36.434108527131784,
2019-01-23,,,36.434108527131784,
2019-01-24,,,36.434108527131784,
2019-01-25,,,36.434108527131784,
2019-01-26,,,36.434108527131784,
2019-01-27,,,36.434108527131784,
2019-01-28,,,36.434108527131784,
2019-01-29,,,36.434108527131784,
2019-01-30,,,36.434108527131784,
2019-01-31,,,36.434108527131784,
2019-02-01,,,36.434108527131784,
2019-02-02,,,36.434108527131784,
2019-02-03,,,36.434108527131784,
2019-02-04,,,36.434108527131784,
2019-02-05,,,36.434108527131784,
2019-02-06,,,36.434108527131784,
2019-02-07,,,36.434108527131784,
2019-02-08,,,36.434108527131784,
2019-02-09,,,36.434108527131784,
2019-02-10,,,36.434108527131784,
2019-02-11,,,36.434108527131784,
2019-02-12,,,36.434108527131784,
2019-02-13,,,36.434108527131784,
2019-02-14,,,36.434108527131784,
2019-02-15,,,36.434108527131784,
2019-02-16,,,36.434108527131784,
2019-02-17,,,36.434108527131784,
2019-02-18,,,36.434108527131784,
2019-02-19,,,36.434108527131784,
2019-02-20,,,36.434108527131784,
2019-02-21,,,36.434108527131784,
2019-02-22,,,36.434108527131784,
2019-02-23,,,36.434108527131784,
2019-02-24,,,36.434108527131784,
2019-02-25,,,36.434108527131784,
2019-02-26,,,36.434108527131784,
2019-02-27,,,36.434108527131784,
2019-02-28,,,36.434108527131784,
2019-03-01,,,36.434108527131784,
2019-03-02,,,36.434108527131784,
2019-03-03,,,36.434108527131784,
2019-03-04,,,36.434108527131784,
2019-03-05,,,36.434108527131784,
2019-03-06,,,36.434108527131784,
2019-03-07,,,36.434108527131784,
2019-03-08,,,36.434108527131784,
2019-03-09,,,36.434108527131784,
2019-03-10,,,36.434108527131784,
2019-03-11,,,36.434108527131784,
2019-03-12,,,36.434108527131784,
2019-03-13,,,36.434108527131784,
2019-03-14,,,36.434108527131784,
2019-03-15,,,36.434108527131784,
2019-03-16,,,36.434108527131784,
2019-03-17,,,36.434108527131784,
2019-03-18,,,36.434108527131784,
2019-03-19,,,36.434108527131784,
2019-03-20,,,36.434108527131784,
2019-03-21,,,36.434108527131784,
2019-03-22,,,36.434108527131784,
2019-03-23,,,36.434108527131784,
2019-03-24,,,36.434108527131784,
2019-03-25,,,36.434108527131784,
2019-03-26,,,36.434108527131784,
2019-03-27,,,36.434108527131784,
2019-03-28,,,36.434108527131784,
2019-03-29,,,36.434108527131784,
2019-03-30,,,36.434108527131784,
2019-03-31,,,36.434108527131784,
2019-04-01,,,36.434108527131784,
2019-04-02,,,36.434108527131784,
2019-04-03,,,36.434108527131784,
2019-04-04,,,36.434108527131784,
2019-04-05,,,36.434108527131784,
2019-04-06,,,36.434108527131784,
2019-04-07,,,36.434108527131784,
2019-04-08,,,36.434108527131784,
2019-04-09,,,36.434108527131784,
2019-04-10,,,36.434108527131784,
2019-04-11,,,36.434108527131784,
2019-04-12,,,36.434108527131784,
2019-04-13,,,36.434108527131784,
2019-04-14,,,36.434108527131784,
2019-04-15,,,36.434108527131784,
2019-04-16,,,36.434108527131784,
2019-04-17,,,36.434108527131784,
2019-04-18,,,36.434108527131784,
2019-04-19,,,36.434108527131784,
2019-04-20,,,36.434108527131784,
2019-04-21,,,36.434108527131784,
2019-04-22,,,36.434108527131784,
2019-04-23,,,36.434108527131784,
2019-04-24,,,36.434108527131784,
2019-04-25,,,36.434108527131784,
2019-04-26,,,36.434108527131784,
2019-04-27,,,36.434108527131784,
2019-04-28,,,36.434108527131784,
2019-04-29,,,36.434108527131784,
2019-04-30,,,36.434108527131784,
2019-05-01,,,36.434108527131784,
2019-05-02,,,36.434108527131784,
2019-05-03,,,36.434108527131784,
2019-05-04,,,36.434108527131784,
2019-05-05,,,36.434108527131784,
2019-05-06,,,36.434108527131784,
2019-05-07,,,36.434108527131784,
2019-05-08,,,36.434108527131784,
2019-05-09,,,36.434108527131784,
2019-05-10,,,36.434108527131784,
2019-05-11,,,36.434108527131784,
2019-05-12,,,36.434108527131784,
2019-05-13,,,36.434108527131784,
2019-05-14,,,36.434108527131784,
2019-05-15,,,36.434108527131784,
2019-05-16,,,36.434108527131784,
2019-05-17,,,36.434108527131784,
2019-05-18,,,36.434108527131784,
2019-05-19,,,36.434108527131784,
2019-05-20,,,36.434108527131784,
2019-05-21,,,36.434108527131784,
2019-05-22,,,36.434108527131784,
2019-05-23,,,36.434108527131784,
2019-05-24,,,36.434108527131784,
2019-05-25,,,36.434108527131784,
2019-05-26,,,36.434108527131784,
2019-05-27,,,36.434108527131784,
2019-05-28,,,36.434108527131784,
2019-05-29,,,36.434108527131784,
2019-05-30,,,36.434108527131784,
2019-05-31,,,36.434108527131784,
2019-06-01,,,36.434108527131784,
2019-06-02,,,36.434108527131784,
2019-06-03,,,36.434108527131784,
2019-06-04,,,36.434108527131784,
2019-06-05,,,36.434108527131784,
2019-06-06,,,36.434108527131784,
2019-06-07,,,36.434108527131784,
2019-06-08,,,36.434108527131784,
2019-06-09,,,36.434108527131784,
2019-06-10,,,36.434108527131784,
2019-06-11,,,36.434108527131784,
2019-06-12,,,36.434108527131784,
2019-06-13,,,36.434108527131784,
2019-06-14,,,36.434108527131784,
2019-06-15,,,36.434108527131784,
2019-06-16,,,36.434108527131784,
2019-06-17,,,36.434108527131784,
2019-06-18,,,36.434108527131784,
2019-06-19,,,36.434108527131784,
2019-06-20,,,36.434108527131784,
2019-06-21,,,36.434108527131784,
2019-06-22,,,36.434108527131784,
2019-06-23,,,36.434108527131784,
2019-06-24,,,36.434108527131784,
2019-06-25,,,36.434108527131784,
2019-06-26,,,36.434108527131784,
2019-06-27,,,36.434108527131784,
2019-06-28,,,36.434108527131784,
2019-06-29,,,36.434108527131784,
2019-06-30,,,36.434108527131784,
2019-07-01,,,34.770671834625325,
2019-07-02,,,34.883720930232556,
2019-07-03,,,34.883720930232556,
2019-07-04,,,34.883720930232556,
2019-07-05,,,34.883720930232556,
2019-07-06,,,34.883720930232556,
2019-07-07,,,34.883720930232556,
2019-07-08,,,34.883720930232556,
2019-07-09,,,34.883720930232556,
2019-07-10,,,34.883720930232556,
2019-07-11,,,34.883720930232556,
2019-07-12,,,34.883720930232556,
2019-07-13,,,34.883720930232556,
2019-07-14,,,34.883720930232556,
2019-07-15,,,34.883720930232556,
2019-07-16,,,34.883720930232556,
2019-07-17,,,34.883720930232556,
2019-07-18,,,34.883720930232556,
2019-07-19,,,34.883720930232556,
2019-07-20,,,34.883720930232556,
2019-07-21,,,34.883720930232556,
2019-07-22,,,34.883720930232556,
2019-07-23,,,34.883720930232556,
2019-07-24,,,34.883720930232556,
2019-07-25,,,34.883720930232556,
2019-07-26,,,34.883720930232556,
2019-07-27,,,34.883720930232556,
2019-07-28,,,34.883720930232556,
2019-07-29,,,34.883720930232556,
2019-07-30,,,34.883720930232556,
2019-07-31,,,34.883720930232556,
2019-08-01,,,34.883720930232556,
2019-08-02,,,34.883720930232556,
2019-08-03,,,34.883720930232556,
2019-08-04,,,34.883720930232556,
2019-08-05,,,34.883720930232556,
2019-08-06,,,34.883720930232556,
2019-08-07,,,34.883720930232556,
2019-08-08,,,34.883720930232556,
2019-08-09,,,34.883720930232556,
2019-08-10,,,34.883720930232556,
2019-08-11,,,34.883720930232556,
2019-08-12,,,34.883720930232556,
2019-08-13,,,34.883720930232556,
2019-08-14,,,34.883720930232556,
2019-08-15,,,34.883720930232556,
2019-08-16,,,34.883720930232556,
2019-08-17,,,34.883720930232556,
2019-08-18,,,34.883720930232556,
2019-08-19,,,34.883720930232556,
2019-08-20,,,34.883720930232556,
2019-08-21,,,34.883720930232556,
2019-08-22,,,34.883720930232556,
2019-08-23,,,34.883720930232556,
2019-08-24,,,34.883720930232556,
2019-08-25,,,34.883720930232556,
2019-08-26,,,34.883720930232556,
2019-08-27,,,34.883720930232556,
2019-08-28,,,34.883720930232556,
2019-08-29,,,34.33462532299742,
2019-08-30,,,34.10852713178294,
2019-08-31,,,34.10852713178294,
2019-09-01,,,34.10852713178294,
2019-09-02,,,34.10852713178294,
2019-09-03,,,34.10852713178294,
2019-09-04,,,34.10852713178294,
2019-09-05,,,34.10852713178294,
2019-09-06,,,34.10852713178294,
2019-09-07,,,34.10852713178294,
2019-09-08,,,34.10852713178294,
2019-09-09,,,34.10852713178294,
2019-09-10,,,34.10852713178294,
2019-09-11,,,34.10852713178294,
2019-09-12,,,34.10852713178294,
2019-09-13,,,34.10852713178294,
2019-09-14,,,34.10852713178294,
2019-09-15,,,34.10852713178294,
2019-09-16,,,34.10852713178294,
2019-09-17,,,34.10852713178294,
2019-09-18,,,34.10852713178294,
2019-09-19,,,34.10852713178294,
2019-09-20,,,34.10852713178294,
2019-09-21,,,34.10852713178294,
2019-09-22,,,34.10852713178294,
2019-09-23,,,34.10852713178294,
2019-09-24,,,34.10852713178294,
2019-09-25,,,34.10852713178294,
2019-09-26,,,34.10852713178294,
2019-09-27,,,34.10852713178294,
2019-09-28,,,34.10852713178294,
2019-09-29,,,34.10852713178294,
2019-09-30,,,34.10852713178294,
2019-10-01,,,78.91365202411714,
2019-10-02,,,79.06976744186046,
2019-10-03,,,79.06976744186046,
2019-10-04,,,79.06976744186046,
2019-10-05,,,79.06976744186046,
2019-10-06,,,79.06976744186046,
2019-10-07,,,79.06976744186046,
2019-10-08,,,79.06976744186046,
2019-10-09,,,79.06976744186046,
2019-10-10,,,79.06976744186046,
2019-10-11,,,79.06976744186046,
2019-10-12,,,79.06976744186046,
2019-10-13,,,79.06976744186046,
2019-10-14,,,79.06976744186046,
2019-10-15,,,79.06976744186046,
2019-10-16,,,79.06976744186046,
2019-10-17,,,79.06976744186046,
2019-10-18,,,79.06976744186046,
2019-10-19,,,79.06976744186046,
2019-10-20,,,79.06976744186046,
2019-10-21,,,79.06976744186046,
2019-10-22,,,79.06976744186046,
2019-10-23,,,79.06976744186046,
2019-10-24,,,79.06976744186046,
2019-10-25,,,79.06976744186046,
2019-10-26,,,79.06976744186046,
2019-10-27,,,79.06976744186046,
2019-10-28,,,79.06976744186046,
2019-10-29,,,79.06976744186046,
2019-10-30,,,79.06976744186046,
2019-10-31,,,79.06976744186046,
2019-11-01,,,79.06976744186046,
2019-11-02,,,79.06976744186046,
2019-11-03,,,79.06976744186046,
2019-11-04,,,79.06976744186046,
2019-11-05,,,79.06976744186046,
2019-11-06,,,79.06976744186046,
2019-11-07,,,79.06976744186046,
2019-11-08,,,79.06976744186046,
2019-11-09,,,79.06976744186046,
2019-11-10,,,79.06976744186046,
2019-11-11,,,79.06976744186046,
2019-11-12,,,79.06976744186046,
2019-11-13,,,79.06976744186046,
2019-11-14,,,79.06976744186046,
2019-11-15,,,79.06976744186046,
2019-11-16,,,79.06976744186046,
2019-11-17,,,79.06976744186046,
2019-11-18,,,79.06976744186046,
2019-11-19,,,79.06976744186046,
2019-11-20,,,79.06976744186046,
2019-11-21,,,79.06976744186046,
2019-11-22,,,79.06976744186046,
2019-11-23,,,79.06976744186046,
2019-11-24,,,79.06976744186046,
2019-11-25,,,79.06976744186046,
2019-11-26,,,79.06976744186046,
2019-11-27,,,78.99709302325581,
2019-11-28,,,78.29457364341086,
2019-11-29,,,78.29457364341086,
2019-11-30,,,78.29457364341086,
2019-12-01,,,78.29457364341086,
2019-12-02,,,76.74418604651163,
2019-12-03,,,76.74418604651163,
2019-12-04,,,76.74418604651163,
2019-12-05,,,76.74418604651163,
2019-12-06,,,76.74418604651163,
2019-12-07,,,76.74418604651163,
2019-12-08,,,76.74418604651163,
2019-12-09,,,76.74418604651163,
2019-12-10,,,76.74418604651163,
2019-12-11,,,76.74418604651163,
2019-12-12,,,76.74418604651163,
2019-12-13,,,76.74418604651163,
2019-12-14,,,76.74418604651163,
2019-12-15,,,76.74418604651163,
2019-12-16,,,76.74418604651163,
2019-12-17,,,76.74418604651163,
2019-12-18,,,76.74418604651163,
2019-12-19,,,76.74418604651163,
2019-12-20,,,76.74418604651163,
2019-12-21,,,76.74418604651163,
2019-12-22,,,76.74418604651163,
2019-12-23,,,76.74418604651163,
2019-12-24,,,76.74418604651163,
2019-12-25,,,76.74418604651163,
2019-12-26,,,76.74418604651163,
2019-12-27,,,76.74418604651163,
2019-12-28,,,76.74418604651163,
2019-12-29,,,76.74418604651163,
2019-12-30,,,76.74418604651163,
2019-12-31,,,75.92592592592592,
2021-12-31,,,81.3953488372093,
2022-03-01,,,4.635012919896641,
2022-03-02,,,4.651162790697675,
2022-03-03,,,4.651162790697675,
2022-03-04,,,4.651162790697675,
2022-03-05,,,4.651162790697675,
2022-03-06,,,4.651162790697675,
2022-03-07,,,4.651162790697675,
2022-03-08,,,4.651162790697675,
2022-03-09,,,4.651162790697675,
2022-03-10,,,4.651162790697675,
2022-03-11,,,4.651162790697675,
2022-03-12,,,4.651162790697675,
2022-03-13,,,4.651162790697675,
2022-03-14,,,4.651162790697675,
2022-03-15,,,4.651162790697675,
2022-03-16,,,4.651162790697675,
2022-03-17,,,4.651162790697675,
2022-03-18,,,4.651162790697675,
2022-03-19,,,4.651162790697675,
2022-03-20,,,4.651162790697675,
2022-03-21,,,4.651162790697675,
2022-03-22,,,4.651162790697675,
2022-03-23,,,4.651162790697675,
2022-03-24,,,4.651162790697675,
2022-03-25,,,4.651162790697675,
2022-03-26,,,4.651162790697675,
2022-03-27,,,4.651162790697675,
2022-03-28,,,4.651162790697675,
2022-03-29,,,4.651162790697675,
2022-03-30,,,4.651162790697675,
2022-03-31,,,4.651162790697675,
2022-04-01,,,4.651162790697675,
2022-04-02,,,4.651162790697675,
2022-04-03,,,4.651162790697675,
2022-04-04,,,4.651162790697675,
2022-04-05,,,4.651162790697675,
2022-04-06,,,4.651162790697675,
2022-04-07,,,4.651162790697675,
2022-04-08,,,4.651162790697675,
2022-04-09,,,4.651162790697675,
2022-04-10,,,4.651162790697675,
2022-04-11,,,4.651162790697675,
2022-04-12,,,4.651162790697675,
2022-04-13,,,4.651162790697675,
2022-04-14,,,4.651162790697675,
2022-04-15,,,4.651162790697675,
2022-04-16,,,4.651162790697675,
2022-04-17,,,4.651162790697675,
2022-04-18,,,4.651162790697675,
2022-04-19,,,4.651162790697675,
2022-04-20,,,4.651162790697675,
2022-04-21,,,4.651162790697675,
2022-04-22,,,4.651162790697675,
2022-04-23,,,4.651162790697675,
2022-04-24,,,4.651162790697675,
2022-04-25,,,4.651162790697675,
2022-04-26,,,4.651162790697675,
2022-04-27,,,4.651162790697675,
2022-04-28,,,4.651162790697675,
2022-04-29,,,4.651162790697675,
2022-04-30,,,4.651162790697675,
2022-05-01,,,4.651162790697675,
2022-05-02,,,4.651162790697675,
2022-05-03,,,4.651162790697675,
2022-05-04,,,4.651162790697675,
2022-05-05,,,4.651162790697675,
2022-05-06,,,4.651162790697675,
2022-05-07,,,4.651162790697675,
2022-05-08,,,4.651162790697675,
2022-05-09,,,4.651162790697675,
2022-05-10,,,4.651162790697675,
2022-05-11,,,4.651162790697675,
2022-05-12,,,4.651162790697675,
2022-05-13,,,4.651162790697675,
2022-05-14,,,4.651162790697675,
2022-05-15,,,4.651162790697675,
2022-05-16,,,4.651162790697675,
2022-05-17,,,4.651162790697675,
2022-05-18,,,4.651162790697675,
2022-05-19,,,4.651162790697675,
2022-05-20,,,4.651162790697675,
2022-05-21,,,4.651162790697675,
2022-05-22,,,4.651162790697675,
2022-05-23,,,4.651162790697675,
2022-05-24,,,4.651162790697675,
2022-05-25,,,4.651162790697675,
2022-05-26,,,4.651162790697675,
2022-05-27,,,4.651162790697675,
2022-05-28,,,4.651162790697675,
2022-05-29,,,4.651162790697675,
2022-05-30,,,4.651162790697675,
2022-05-31,,,4.651162790697675,
2022-06-01,,,4.651162790697675,
2022-06-02,,,4.651162790697675,
2022-06-03,,,4.651162790697675,
2022-06-04,,,4.651162790697675,
2022-06-05,,,4.651162790697675,
2022-06-06,,,4.651162790697675,
2022-06-07,,,4.651162790697675,
2022-06-08,,,4.651162790697675,
2022-06-09,,,4.651162790697675,
2022-06-10,,,4.651162790697675,
2022-06-11,,,4.651162790697675,
2022-06-12,,,4.651162790697675,
2022-06-13,,,4.651162790697675,
2022-06-14,,,4.651162790697675,
2022-06-15,,,4.651162790697675,
2022-06-16,,,4.651162790697675,
2022-06-17,,,4.651162790697675,
2022-06-18,,,4.651162790697675,
2022-06-19,,,4.651162790697675,
2022-06-20,,,4.651162790697675,
2022-06-21,,,4.651162790697675,
2022-06-22,,,4.651162790697675,
2022-06-23,,,4.651162790697675,
2022-06-24,,,4.651162790697675,
2022-06-25,,,4.651162790697675,
2022-06-26,,,4.651162790697675,
2022-06-27,,,4.651162790697675,19.386304909560724
2022-06-28,,,4.651162790697675,72.47270671834626
2022-06-29,,,4.651162790697675,64.76663436692506
2022-06-30,,,4.651162790697675,32.929909560723516
2022-07-01,,,4.651162790697675,74.0922157622739
2022-07-02,,,4.651162790697675,72.41908914728683
2022-07-03,,,4.651162790697675,71.78100775193798
2022-07-04,,,4.651162790697675,72.43959948320413
2022-07-05,,,4.651162790697675,72.00694444444444
2022-07-06,,,4.651162790697675,72.17667958656331
2022-07-07,,,4.651162790697675,71.73449612403101
2022-07-08,,,4.651162790697675,72.07315891472868
2022-07-09,,,4.651162790697675,71.95994832041343
2022-07-10,,,4.651162790697675,71.94605943152455
2022-07-11,,,4.651162790697675,70.00662144702842
2022-07-12,,,4.651162790697675,72.16052971576228
2022-07-13,,,4.651162790697675,72.54457364341086
2022-07-14,,,4.651162790697675,70.20090439276485
2022-07-15,,,4.651162790697675,74.34447674418605
2022-07-16,,,4.651162790697675,75.53666020671835
2022-07-17,,,4.651162790697675,75.63614341085271
2022-07-18,,,4.651162790697675,76.05991602067184
2022-07-19,,,4.651162790697675,75.68814599483204
2022-07-20,,,4.651162790697675,76.0297157622739
2022-07-21,,,4.651162790697675,75.58882428940568
2022-07-22,,,4.651162790697675,16.339308785529717
2022-07-23,,,4.651162790697675,11.136789405684755
2022-07-24,,,4.651162790697675,
2022-07-25,,,4.651162790697675,
2022-07-26,,,4.651162790697675,
2022-07-27,,,4.651162790697675,
2022-07-28,,,4.651162790697675,0.00016149870801033592
2022-07-29,,,4.651162790697675,24.07154392764858
2022-07-30,,,4.651162790697675,75.46802325581395
2022-07-31,,,4.651162790697675,75.25985142118863
2022-08-01,,,4.651162790697675,75.33688630490956
2022-08-02,,,4.651162790697675,75.31266149870801
2022-08-03,,,4.651162790697675,72.9749677002584
2022-08-04,,,4.651162790697675,75.34431524547804
2022-08-05,,,4.651162790697675,73.23417312661499
2022-08-06,,,4.651162790697675,75.34609173126616
2022-08-07,,,4.651162790697675,75.18701550387597
2022-08-08,,,4.651162790697675,75.22416020671835
2022-08-09,,,4.651162790697675,55.3562661498708
2022-08-10,,,4.651162790697675,
2022-08-11,,,4.651162790697675,
2022-08-12,,,4.651162790697675,
2022-08-13,,,4.651162790697675,
2022-08-14,,,4.651162790697675,
2022-08-15,,,4.651162790697675,
2022-08-16,,,4.651162790697675,55.440245478036175
2022-08-17,,,4.651162790697675,75.4076227390181
2022-08-18,,,4.651162790697675,75.54005167958657
2022-08-19,,,4.651162790697675,75.35061369509044
2022-08-20,,,4.651162790697675,75.23223514211887
2022-08-21,,,4.651162790697675,38.46624677002584
2022-08-22,,,4.651162790697675,38.48158914728682
2022-08-23,,,4.651162790697675,15.962532299741602
2022-08-24,,,4.651162790697675,19.86950904392765
2022-08-25,,,4.651162790697675,37.34754521963824
2022-08-26,,,4.651162790697675,36.80119509043928
2022-08-27,,,4.651162790697675,27.732235142118864
2022-08-28,,,4.651162790697675,54.69896640826873
2022-08-29,,,4.651162790697675,32.92538759689923
2022-08-30,,,4.651162790697675,33.91262919896641
2022-08-31,,,4.651162790697675,43.979489664082685
2022-09-01,,,,42.4140826873385
2022-09-02,,,,34.695413436692505
2022-09-03,,,,33.27777777777778
2022-09-04,,,,43.77793927648579
2022-09-05,,,,33.21156330749354
2022-09-06,,,,35.05297157622739
2022-09-07,,,,35.031815245478036
2022-09-08,,,,41.59173126614987
2022-09-09,,,,33.684593023255815
2022-09-10,,,,47.667635658914726
2022-09-11,,,,33.53892118863049
2022-09-12,,,,31.82638888888889
2022-09-13,,,,32.87984496124031
2022-09-14,,,,46.7609819121447
2022-09-15,,,,46.23966408268734
2022-09-16,,,,40.9874031007752
2022-09-17,,,,37.548611111111114
2022-09-18,,,,38.86482558139535
2022-09-19,,,,37.67619509043928
2022-09-20,,,,25.84673772609819
2022-09-21,,,,15.79780361757106
2022-09-22,,,,60.34092377260982
2022-09-23,,,,74.4625322997416
2022-09-24,,,,75.40390826873384
2022-09-25,,,,75.25193798449612
2022-09-26,,,,74.95122739018088
2022-09-27,,,,72.21915374677003
2022-09-28,,,,73.87273901808786
2022-09-29,,,,71.4328165374677
2022-09-30,,,,73.02923126614986
2022-10-01,,,,75.21398578811369
2022-10-02,,,,75.32009043927648
2022-10-03,,,,74.109334625323
2022-10-04,,,,40.60755813953488
2022-10-05,,,,15.157622739018088
2022-10-06,,,,2.546027131782946
2022-10-07,,,,10.960109819121447
2022-10-08,,,,15.891634366925064
2022-10-09,,,,15.397771317829458
2022-10-10,,,,11.256136950904393
2022-10-11,,,,16.49176356589147
2022-10-12,,,,13.09108527131783
2022-10-13,,,,21.69605943152455
2022-10-14,,,,16.31217700258398
2022-10-15,,,,21.074773901808786
2022-10-16,,,,14.890180878552972
2022-10-17,,,,19.1437338501292
2022-10-18,,,,10.747254521963825
2022-10-19,,,,18.989341085271317
2022-10-20,,,,13.50985142118863
2022-10-21,,,,20.7078488372093
2022-10-22,,,,21.261466408268735
2022-10-23,,,,15.585755813953488
2022-10-24,,,,17.847706718346252
2022-10-25,,,,16.007590439276484
2022-10-26,,,,19.618378552971578
2022-10-27,,,,10.164082687338501
2022-10-28,,,,10.298934108527131
2022-10-29,,,,7.597383720930233
2022-10-30,,,,10.436208010335918
2022-10-31,,,,22.348998708010335
2022-11-01,,,,17.329941860465116
2022-11-02,,,,9.87080103359173
2022-11-03,,,,14.929909560723514
2022-11-04,,,,7.733365633074936
2022-11-05,,,,7.492086563307494
2022-11-06,,,,17.536983204134366
2022-11-07,,,,9.00032299741602
2022-11-08,,,,18.796350129198967
2022-11-09,,,,12.119186046511627
2022-11-10,,,,65.65568475452196
2022-11-11,,,,29.447674418604652
2022-11-12,,,,17.0968992248062
2022-11-13,,,,12.150516795865633
2022-11-14,,,,19.43830749354005
2022-11-15,,,,12.611272609819121
2022-11-16,,,,22.92312661498708
2022-11-17,,,,14.352874677002584
2022-11-18,,,,13.311046511627907
